promotion_id,promo_txns,promo_sales,avg_with_promo
5,2,1087.7475,543.87375
2,2,1232.7804999999998,616.3902499999999
9,1,420.83099999999996,420.83099999999996
6,3,1267.2931999999998,422.4310666666666
8,1,463.524,463.524
10,1,253.61280000000002,253.61280000000002
7,1,222.76800000000003,222.76800000000003
3,1,738.834,738.834
4,1,622.176,622.176
